Latitude,Longitude,Elevation,climo_temp,climo_humidity,Actual_Slope,Predicted_Slope,Residual
-53.0,-70.967,37.0,6.736994047619048,75.225,-0.1629836449464896,0.4334623676344334,-0.596446012580923
-53.23,-68.7895,20.3,6.989042438271605,72.17083333333332,0.3177265857057385,0.4334623676344334,-0.11573578192869494
-45.783,-67.5,58.0,13.15997267759563,49.89166666666666,0.4457768682713882,1.1868662248807609,-0.7410893566093727
-46.417,168.33299999999997,2.0,10.020309139784947,83.18333333333334,1.0441683176213268,0.7724329935917541,0.2717353240295727
-45.9,170.51999999999998,2.0,10.838072916666668,78.0,0.6615594256534775,0.7724329935917541,-0.11087356793827663
-41.839,-71.80266666666667,578.3666666666667,9.199779201574117,72.6,0.3664544296993229,0.8812605117032747,-0.5148060820039517
-41.9915,-65.18299999999999,31.5,14.251395951035782,53.95833333333333,0.6490847479473416,0.4334623676344334,0.2156223803129082
-42.366025,147.06584166666667,76.55,12.315569667367528,67.04270833333334,1.217150335543376,1.2616160710498936,-0.04446573550651767
-44.6085,168.89999999999998,5243.5,9.727195891203705,77.56249999999999,0.2986652879401303,0.7724329935917541,-0.4737677056516238
-42.219883333333335,173.15578333333335,1702.75,12.245097672455527,80.34666666666666,0.7940482067858067,0.7724329935917541,0.021615213194052574
-41.08,175.62,9999.0,11.8396875,81.11666666666666,0.7896887604648961,0.7724329935917541,0.01725576687314201
-38.95,-68.0565,269.0,14.853272996357012,54.98333333333333,1.0931523553183524,1.1868662248807609,-0.09371386956240846
-37.3885,-62.16575,118.475,15.614599127045093,70.00416666666666,0.9458107659460264,1.1868662248807609,-0.24105545893473446
-37.1415,-57.658,15.5,14.652226190476188,79.11666666666667,0.9078238562311018,0.4334623676344334,0.47436148859666843
-35.74158333333333,138.39183333333332,102.71666666666664,15.269923878227411,58.276388888888896,1.0865211840079425,1.2616160710498936,-0.17509488704195109
-36.94707619047618,142.99235238095238,113.11428571428571,14.931395563109737,60.380416666666655,1.1900439945459274,1.39167951909797,-0.2016355245520427
-36.75742222222223,147.1609888888889,309.3388888888889,13.95272188673966,62.2372549019608,1.3181576142620437,1.39167951909797,-0.07352190483592635
-35.9093,150.15319999999997,17.0,16.01734195402299,67.2,1.3420293624762836,1.2616160710498936,0.08041329142638998
-37.039,174.08333333333334,31.0,14.952059406160968,82.03055555555555,1.0191990099641688,0.7724329935917541,0.2467660163724147
-38.71666666666666,176.36100000000002,6667.666666666667,13.13076862226372,81.00833333333334,0.8169577135856149,0.7724329935917541,0.04452471999386076
-34.967,-71.233,225.0,14.959358974358974,78.05,0.141493496216463,0.8812605117032747,-0.7397670154868117
-32.64,-68.10175000000001,709.5,17.847130979624332,56.07291666666666,0.7602692064902362,1.1868662248807609,-0.42659701839052466
-32.61322222222222,-62.69644444444446,233.41111111111115,17.4967943296801,70.20555555555558,0.9327179856714068,1.1868662248807609,-0.25414823920935403
-33.30320769230769,-57.7464076923077,813.9076923076923,17.71091448320069,72.93589743589743,0.9723905605189036,1.1868662248807609,-0.21447566436185728
-34.0,-53.825,21.0,17.005353422619045,80.58749999999999,1.1595676028419222,0.4334623676344334,0.7261052352074888
-32.716,19.1845,510.5,16.39754736057897,62.30416666666666,1.4761673853834196,1.6769045954502984,-0.20073721006687872
-33.509,26.724999999999994,96.95,17.728542599966815,75.18333333333334,1.405725148298464,1.6769045954502984,-0.2711794471518343
-32.87810454545454,116.7021090909091,198.28181818181815,16.899851937854862,58.06388888888889,0.9575053519259202,1.50888064885192,-0.5513752969259997
-32.30735,121.6729,195.15,17.938099558371736,52.09583333333333,0.8184616732224833,1.201517144839381,-0.3830554716168978
-31.262500000000003,128.49419999999998,126.05,18.13876731506042,43.07083333333333,1.0551676486895292,1.4513324650822743,-0.39616481639274514
-32.3509,133.86056666666664,12.766666666666666,16.938451707949863,53.33611111111111,1.281206002772325,1.2616160710498936,0.01958993172243151
-33.82938125,137.880075,133.6625,16.946571827001044,52.42864583333334,1.355464658474211,1.39167951909797,-0.036214860623759115
-33.692725,142.4185,125.325,17.619317623907065,50.91458333333333,1.4175663391135616,1.39167951909797,0.025886820015591505
-32.660970588235294,147.91257647058822,303.7647058823529,16.885175000211667,52.79117647058824,1.618870676500793,1.39167951909797,0.22719115740282292
-32.27554210526316,151.47468421052628,220.02631578947367,17.418362063966207,61.665350877192985,1.3462637237240154,1.201517144839381,0.14474657888463427
-29.917,-71.2,146.0,14.21098639455782,82.5,0.5205084555080726,0.8812605117032747,-0.3607520561952021
-29.383000000000003,-66.817,438.0,20.581632653061224,59.54166666666668,1.4163458701433191,1.1868662248807609,0.22947964526255826
-28.825000000000003,-63.125,144.0,20.225570295273705,69.69583333333333,1.2254281129864977,1.1868662248807609,0.0385618881057368
-27.417444444444445,-57.84433333333334,73.80000000000001,21.7987990495302,73.49166666666666,0.9336128453087332,1.1868662248807609,-0.25325337957202765
-25.417,-49.267,932.0,18.320466666666665,80.275,1.7687217316460282,1.7023935043097462,0.06632822733628196
-26.58,18.129999999999995,1004.0,21.16930555555556,41.425,1.410666492284374,1.3571791085572174,0.05348738372715656
-28.625,23.0085,995.0,19.471860632183912,44.05833333333334,1.0008051883867286,1.3571791085572174,-0.35637392017048874
-27.6195,27.27300000000001,1524.05,15.767440891472866,57.016666666666666,1.7197269126269543,1.3571791085572174,0.36254780406973697
-29.97,30.950999999999997,10.1,21.77376666666667,76.44166666666669,0.9864063280286952,0.9522206603877948,0.034185667640900363
-25.033,46.94999999999999,9.0,23.481576576576572,80.36666666666666,1.3015283796409405,1.9060938305051223,-0.6045654508641818
-28.7953,114.6975,33.0,19.984692307692303,53.29166666666666,0.9325699799293632,1.201517144839381,-0.2689471649100179
-26.6136,118.53719999999998,517.0,22.702937158469943,32.55,1.4717883676455212,1.4513324650822743,0.02045590256324692
-28.388066666666663,120.85776666666668,438.9666666666667,20.78183455338657,36.93333333333333,1.6498968676130898,1.4513324650822743,0.19856440253081553
-25.0341,128.30100000000004,598.0,22.427407407407408,31.925,1.7605407541644538,1.4513324650822743,0.30920828908217945
-28.95403333333333,137.1925666666667,72.16666666666667,21.61210482342808,37.69444444444444,1.476932489155817,1.4513324650822743,0.025600024073542782
-27.72865,142.745175,171.325,22.05539215968075,36.79999999999999,1.4928844575042328,1.4513324650822743,0.041551992421958506
-27.60955,147.71845,244.73333333333332,20.66449983796313,45.64305555555556,1.405393132590569,1.4513324650822743,-0.04593933249170523
-27.700216666666662,152.48528333333334,259.5722222222222,18.921556928298585,58.07135416666667,1.489144659224218,1.201517144839381,0.2876275143848368
-23.466500000000003,-70.42500000000001,131.0,16.46753350815851,74.09166666666668,-0.0545737372289172,0.8812605117032747,-0.9358342489321919
-23.781,-65.39366666666666,1881.7333333333331,15.582536903929986,63.93611111111111,1.7555370131788994,1.1868662248807609,0.5686707882981386
-24.4335,-61.7415,167.5,23.95383948390676,69.11666666666666,1.1689514961768614,1.1868662248807609,-0.01791472870389943
-23.25,-46.875,726.5,21.023775474172723,76.83333333333331,1.9538425134380568,1.7023935043097462,0.2514490091283106
-22.917,-43.167,5.0,25.14510416666667,80.075,1.2897841453618777,1.7023935043097462,-0.41260935894786854
-22.567,17.099999999999994,1700.0,20.309914965986398,34.658333333333324,1.74747429530622,1.3571791085572174,0.39029518674900254
-21.76133333333333,28.53333333333333,1224.0,19.49857381102694,63.69444444444445,0.5855121870810875,0.9522206603877948,-0.3667084733067073
-20.1335,31.741499999999988,1113.5,19.503238025415445,70.99583333333334,0.9261735060919274,0.9522206603877948,-0.02604715429586746
-23.867,35.38300000000001,15.0,24.50844017094017,76.925,1.1751195315662526,0.9522206603877948,0.22289887117845775
-20.66,56.59649999999999,38.55,24.0209568452381,81.52083333333334,1.4232256918548816,1.9060938305051223,-0.4828681386502407
-23.5642,113.88335,4.5,23.769840625,49.59583333333333,1.0279562718870212,1.201517144839381,-0.1735608729523599
-21.3121,117.34728333333337,113.03333333333336,26.515498975720675,41.05,1.4062860652093156,1.4513324650822743,-0.045046399872958665
-23.7951,133.889,546.0,21.250698924731186,32.19166666666667,1.084622363372069,1.4513324650822743,-0.36671010171020524
-21.0086,139.09426666666667,298.43333333333334,24.50148510739842,33.81388888888889,1.2413436602503791,1.4513324650822743,-0.2099888048318952
-22.18563333333333,143.48600000000002,195.06666666666663,24.62248070066005,38.25555555555555,1.705596328164815,1.4513324650822743,0.2542638630825407
-22.48476,146.93498,248.42,22.714197418125607,48.23125,1.1424602246015376,1.201517144839381,-0.05905692023784348
-23.9868,151.6497333333333,64.63333333333334,22.816297170528497,59.355555555555554,1.410408829512935,1.201517144839381,0.2088916846735538
-20.567,164.28300000000002,18.0,23.70291666666667,77.20833333333333,0.9602215020008256,1.201517144839381,-0.24129564283855554
-22.2679,166.30443333333332,3362.066666666667,23.24725847432991,75.86666666666666,0.9974374265830338,1.201517144839381,-0.2040797182563473
-18.35,-70.333,58.0,18.346426282051283,72.63333333333334,1.5213682668117732,0.8812605117032747,0.6401077551084985
-15.55,-56.11699999999999,151.0,27.75908914728682,73.27499999999998,1.8794392798122983,1.1868662248807609,0.6925730549315374
-15.783,-47.93299999999999,1159.0,21.724813218390803,68.08333333333333,1.2846611406515465,1.7023935043097462,-0.41773236365819977
-19.983,23.417,943.0,23.513040540540537,63.22499999999999,1.1859639992281656,1.3571791085572174,-0.1712151093290517
-17.817,25.817000000000007,986.0,22.39956896551724,59.51666666666667,1.5968580032708477,1.3571791085572174,0.23967889471363035
-18.8585,33.01650000000001,748.0,21.708414634146344,74.26666666666667,0.9559975661299114,0.9522206603877948,0.003776905742116532
-17.883,36.88300000000001,16.0,25.765654761904763,78.78333333333333,0.3378481881660396,0.9522206603877948,-0.6143724722217552
-18.117,49.400000000000006,6.0,23.99051136363636,85.69999999999997,1.2656602180370518,1.9060938305051223,-0.6404336124680705
-19.683,63.417,59.0,24.51790123456789,76.78333333333333,1.0672721199888604,1.009792806307146,0.05747931368171444
-17.9475,122.2353,7.4,26.86297043010753,51.73333333333333,1.1990389412181877,1.201517144839381,-0.002478203621193442
-18.2292,127.66359999999996,422.0,26.393944444444447,31.224999999999994,1.0031883286521597,1.4513324650822743,-0.44814413643011464
-19.6423,134.18330000000003,375.7,26.62558333333333,31.591666666666665,-0.0155071989600663,1.4513324650822743,-1.4668396640423407
-19.9225,138.1214,231.2,25.64380000000001,35.75833333333333,1.2693726302347503,1.4513324650822743,-0.18195983484752398
-17.531000000000002,143.7247,263.5,26.006135478265374,56.411111111111104,0.6869821558197223,1.201517144839381,-0.5145349890196588
-17.53267142857143,146.61594285714287,7.185714285714285,24.815134509709196,64.05833333333332,0.9573917495646268,1.201517144839381,-0.2441253952747543
-17.75,177.45,18.0,25.506258865248213,75.11666666666667,1.7729652309021895,1.201517144839381,0.5714480860628084
-13.745,-76.22,11.9,19.16809027777777,81.20833333333333,2.0440826156952268,1.6844213270235124,0.3596612886717143
-14.819,-64.918,155.1,26.726375,75.125,0.7619085848573799,1.1868662248807609,-0.424957640023381
-11.183,-40.46699999999999,485.0,24.346636904761905,71.99999999999999,2.934275519986967,1.4053493948481954,1.5289261251387714
-14.2964,126.64530000000002,23.0,27.344380952380963,53.35833333333334,0.8573166652272326,1.201517144839381,-0.3442004796121485
-12.4233,130.88845000000003,30.2,27.538682725694443,61.63333333333333,0.7566727290539442,1.201517144839381,-0.4448444157854369
-5.2,-39.30000000000001,212.0,27.64163043478261,65.64166666666667,1.8270255835916256,1.4053493948481954,0.42167618874343016
-8.05,-34.917,7.0,25.88195736434108,79.34166666666667,1.1959304344528203,1.4053493948481954,-0.2094189603953751
-8.85,13.233000000000004,74.0,24.992816091954023,80.69166666666666,0.8618683407835656,0.9522206603877948,-0.09035231960422929
-5.083,32.833,1182.0,22.46097701149425,61.88333333333333,1.2108066307743035,1.3571791085572174,-0.14637247778291385
-6.183,106.83299999999996,8.0,27.585576923076918,79.84166666666668,1.4959040850563317,1.201517144839381,0.29438694021695055
-9.383,147.21699999999998,48.0,26.727944444444447,78.16666666666666,0.8089566826354103,1.201517144839381,-0.3925604622039708
-3.783,-73.3,126.0,26.7104248366013,81.11666666666666,0.5930807944503459,0.8812605117032747,-0.2881797172529288
-3.133,-60.017,72.0,28.235070921985827,83.27499999999998,1.519436190487065,1.1868662248807609,0.33256996560630414
-1.379,-48.476,16.5,26.79397286821705,85.83333333333333,1.2753917115043778,1.4053493948481954,-0.12995768334381763
-4.82,11.900000000000006,17.0,25.4830303030303,80.49166666666666,0.6967187339927212,0.9522206603877948,-0.25550192639507363
-4.25,15.25,314.0,25.75864341085271,78.7,1.1003704695245091,0.9522206603877948,0.14814980913671427
-2.25,39.625,101.0,27.50751924951267,67.24583333333332,1.4367546606018862,1.9060938305051223,-0.4693391699032361
3.55,-76.383,969.0,24.02284591194968,74.53333333333333,1.0883040515801736,0.8812605117032747,0.20704353987689894
4.505333333333334,-52.189,8.333333333333334,26.06530537784381,84.54722222222222,1.71808033281719,1.4053493948481954,0.31273093796899465
3.5580000000000003,98.67200000000004,34.7,26.76094696969697,83.36666666666666,1.8486052014460896,1.5205928871162284,0.3280123143298612
3.475,102.343,12.675,27.22400457470521,83.91458333333333,1.3399485490266112,1.201517144839381,0.1384314041872301
2.81675,112.3345,21.8,27.100343481201445,85.52708333333334,1.2912601560855084,1.201517144839381,0.08974301124612727
8.6,-71.183,1498.0,20.568248299319727,80.33333333333333,1.5944298858833783,0.8812605117032747,0.7131693741801036
6.35,2.3799999999999955,4.0,27.55836309523809,81.15833333333332,1.2543883869886152,1.4053493948481954,-0.15096100785958022
9.55,31.65000000000001,388.0,28.16791666666667,53.02500000000001,1.7032425556536133,1.3571791085572174,0.3460634470963959
8.334,79.184,17.4,27.88009284020745,76.78333333333333,1.0372624100507049,1.009792806307146,0.02746960374355889
6.542000000000001,80.94999999999999,950.0,21.779321728691475,79.79166666666669,1.068076092779238,1.009792806307146,0.05828328647209213
8.2364,99.0868,9.6,27.597004457714277,79.255,1.1303882747900602,1.5205928871162284,-0.3902046123261682
6.6835,101.455,6.95,27.47804671717172,77.86666666666666,1.5489430478119426,1.5205928871162284,0.028350160695714166
5.7123333333333335,116.456,15.333333333333334,27.38640151515152,82.86666666666667,1.146666974834637,1.201517144839381,-0.054850170004744125
8.282,122.96,8.8,27.37311647572286,80.77916666666667,1.484794919417566,1.201517144839381,0.2832777745781849
7.958500000000001,125.3415,35.0,26.619175925925923,81.63749999999999,1.2522493472990783,1.201517144839381,0.05073220245969723
11.2195,-68.305,222.9,26.421582881662157,76.06666666666666,1.788015401954572,1.1868662248807609,0.6011491770738111
12.587,-61.1765,8.55,26.59072311046512,80.92916666666665,1.8324478056773892,1.6844213270235124,0.14802647865387675
14.6915,-16.866500000000002,16.5,26.656147959183677,60.7,1.935814712677284,1.7023935043097462,0.23342120836753777
13.767,-13.682999999999993,50.0,29.65110465116279,48.44166666666666,1.5690561894463118,1.4053493948481954,0.16370679459811632
11.7565,-2.9214999999999947,388.35,28.124063945420907,52.41666666666666,1.2372534964590631,1.4053493948481954,-0.1680958983891323
12.2486,1.668599999999992,295.6,28.66429037189663,49.07333333333334,1.223769067848642,1.4053493948481954,-0.1815803269995535
13.9925,6.645000000000003,385.0,28.619470234508302,39.360416666666666,1.2172916671812968,1.4053493948481954,-0.18805772766689866
12.13,15.03,295.0,28.41569444444445,43.4,1.0868244636224438,1.3571791085572174,-0.27035464493477357
13.617,25.333,733.0,26.621476190476194,31.183333333333334,1.4414934061383975,1.3571791085572174,0.08431429758118014
13.167,31.450000000000003,477.5,27.97453733766234,38.579166666666666,1.479336746112661,1.3571791085572174,0.12215763755544362
12.5501,78.34423333333332,1093.3333333333333,22.7925006857356,70.29166666666667,0.8593222090403195,0.8591556550343734,0.0001665540059461179
13.0,80.18299999999999,16.0,28.8975,71.21666666666667,1.1011183563439355,1.009792806307146,0.09132555003678955
11.667,92.71699999999998,79.0,27.24872549019608,78.87500000000001,0.6972597485899601,1.5205928871162284,-0.8233331385262683
12.22075,99.6165,10.75,28.057381032547696,75.86874999999999,1.2156222805484491,1.5205928871162284,-0.3049706065677793
13.761846153846154,101.45507692307692,35.0,28.10090759133413,74.50833333333333,1.3619444581099411,1.201517144839381,0.16042731327056003
11.52665,107.935,7.05,27.43117017543859,74.11666666666667,1.78172795527286,1.201517144839381,0.5802108104334789
13.825,122.3665,16.0,27.71620493827161,79.57916666666668,1.4352015798278803,1.201517144839381,0.23368443498849922
13.4836,144.79610000000002,77.4,26.862675438596487,84.825,1.2404562089802036,1.201517144839381,0.03893906414082249
19.05,-104.317,3.0,26.603117283950624,72.79166666666666,1.6159397131564648,1.6844213270235124,-0.06848161386704765
19.633333333333336,-98.46999999999998,1933.6666666666667,17.547788584937525,66.26388888888889,1.527653923058219,0.8812605117032747,0.6463934113549442
19.36,-90.71,2.0,26.17408854166667,76.39166666666667,1.539465549571314,1.6844213270235124,-0.14495577745219834
18.505,-88.32700000000001,11.9,26.50498538011696,79.01666666666667,2.7726220592634734,1.6844213270235124,1.088200732239961
18.778666666666663,-76.61833333333334,9.066666666666666,26.91453132985613,77.32916666666667,1.4475540814469143,1.6844213270235124,-0.2368672455765981
18.4325,-66.0108,2.7,26.92709219858156,75.21666666666665,1.5570046931132469,1.6844213270235124,-0.1274166339102656
16.27,-61.6,11.0,25.75577485380117,78.94166666666666,1.501185361619369,1.6844213270235124,-0.18323596540414333
16.517,-15.847666666666669,9.566666666666666,26.929594401022825,50.69722222222222,1.6980537946977603,1.7023935043097462,-0.004339709611985931
16.633,-14.917000000000002,7.0,29.218617021276604,43.36666666666667,1.857899271529812,1.7023935043097462,0.1555057672200657
16.967,7.967000000000013,505.0,29.21483333333333,32.800000000000004,1.5179900150798182,1.7023935043097462,-0.184403489229928
17.611,33.27766666666667,345.6666666666667,29.49869241822651,26.53611111111111,1.563650801743903,1.3571791085572174,0.20647169318668568
17.525,36.8085,271.0,29.183473942208465,50.91666666666667,1.3359638113867145,1.3571791085572174,-0.021215297170502856
17.039,54.09100000000001,22.3,25.9104239766082,70.85833333333333,1.9645645269183507,1.9060938305051223,0.05847069641322844
18.00825,73.333425,161.0,27.01049570386064,65.52499999999999,0.7080102260613025,0.8591556550343734,-0.15114542897307093
17.558500000000002,77.18500000000002,503.0,27.22087962962964,56.75,0.9793703865167982,0.8591556550343734,0.12021473148242479
17.666666666666668,82.13866666666667,186.33333333333331,27.31296506734007,69.46944444444445,0.7824795912833703,0.8591556550343734,-0.07667606375100311
18.280857142857144,98.82842857142856,253.42857142857144,26.46454716131252,72.74285714285715,1.5644131943461512,1.5205928871162284,0.043820307229922806
17.01702,102.3153333333333,141.26000000000002,27.134793775385237,72.85388888888887,1.1827079213803708,1.201517144839381,-0.01880922345901026
18.22133333333333,108.79866666666668,62.36666666666667,25.55776032354193,78.85000000000001,1.0549057777848905,1.201517144839381,-0.14661136705449063
18.033,111.39999999999998,15.0,25.74370513446107,80.725,1.545075437064113,1.201517144839381,0.343558292224732
17.366833333333332,120.8705,221.98333333333332,25.457185937665734,79.76944444444446,1.4041455098860611,1.201517144839381,0.20262836504668003
21.545425,-158.2667,27.8,24.57806911359847,73.99722222222222,0.6440321150743828,0.4334623676344334,0.21056974743994944
24.167,-110.3,18.0,25.54274774774775,69.01666666666667,0.0621859318850727,0.4334623676344334,-0.3712764357493607
20.9625,-102.19825,1639.25,20.256039466873705,59.02291666666666,0.6412675433332947,0.8812605117032747,-0.23999296836997996
24.2915,-98.6415,199.0,23.394569444444443,73.12500000000001,1.3756517270212547,0.8812605117032747,0.49439121531798
21.3,-89.65,2.0,26.000620155038764,74.97500000000002,1.4084159278292008,1.6844213270235124,-0.27600539919431166
20.933000000000003,-17.033000000000015,3.0,22.23649621212121,57.76666666666666,1.663862298754574,1.7023935043097462,-0.03853120555517231
22.8,5.433099999999996,1362.0,22.183232758620687,30.274999999999995,1.8483713652554064,1.7023935043097462,0.14597786094566012
22.89335,32.06654999999999,195.0,26.946655092592597,26.825000000000003,1.325879058301283,1.3571791085572174,-0.03130005025593441
24.55,39.69999999999999,636.0,28.39815151515152,26.700000000000006,1.7945665514660505,1.9060938305051223,-0.11152727903907178
22.3667,69.08330000000001,10.0,26.467790697674424,75.94166666666666,0.852681865839019,1.009792806307146,-0.157110940468127
21.9835,71.5,31.5,27.25038578431373,64.45833333333333,0.8441143204488357,0.8591556550343734,-0.015041334585537691
22.09175,77.65825000000001,427.5,26.11875547969968,50.94791666666666,0.981637196855614,0.8591556550343734,0.1224815418212406
24.05,84.06700000000001,221.0,25.62862612612613,61.38333333333333,1.025891153669558,1.1547664279424443,-0.12887527427288625
22.789,88.64799999999998,6.033333333333334,26.41072194374826,71.31388888888888,0.932345992841118,1.009792806307146,-0.077446813466028
22.101,91.1655,3.85,25.327015297498303,75.075,1.9036173284753724,1.5205928871162284,0.38302444135914393
22.567,99.933,1054.0,20.9719209039548,71.57499999999997,1.677719507526565,1.5205928871162284,0.15712662041033654
23.04625,101.816625,1065.125,20.03485561991256,74.80104166666666,1.339969447354132,1.201517144839381,0.13845230251475082
22.955,107.4387,292.6,21.63324272488485,78.78833333333334,0.9158186571868718,1.201517144839381,-0.28569848765250927
22.89023529411764,112.425,63.24117647058823,22.143423639854987,78.10520833333334,1.176153105676898,1.201517144839381,-0.0253640391624832
23.7415,116.56325,27.5,22.39319140158304,78.58749999999999,1.1673521415878994,1.201517144839381,-0.03416500325148175
24.406,123.602,68.15,23.937650462962964,78.72500000000002,1.428054469967807,1.201517144839381,0.22653732512842595
24.783,125.29500000000002,45.7,23.585694444444453,79.04166666666667,1.3815145751933744,1.201517144839381,0.1799974303539933
27.0465,-106.0215,1831.5,17.142016161616162,47.7875,0.4845176823885426,1.337527921684083,-0.8530102392955403
27.070340000000005,-101.58052,864.47,21.197163574971693,57.270833333333336,1.1094591079403509,0.8812605117032747,0.22819859623707617
28.653555555555563,-97.22752592592592,78.79629629629629,21.54628174693683,72.56314102564102,1.2220102971212374,0.8812605117032747,0.34074978541796275
29.734818181818184,-92.24702727272728,3.763636363636364,20.67368644599392,76.30166666666669,0.9117330787920082,1.6844213270235124,-0.7726882482315043
29.7258,-85.0206,6.1,20.06394144144144,74.81666666666669,1.0039657972112153,1.6844213270235124,-0.6804555298122972
27.729294285714293,-81.47448857142855,304.6857142857142,22.618031638486936,74.3421568627451,0.9989313366870586,0.8812605117032747,0.1176708249837839
25.05,-77.467,5.0,25.42120567375887,77.94166666666666,1.3849898160283107,1.6844213270235124,-0.2994315109952017
28.47065,-16.709675000000004,767.75,17.11818484019734,69.63125,1.7825828804405874,1.7023935043097462,0.0801893761308412
28.69805,-13.731700000000004,19.5,20.6871031266774,68.74166666666667,1.6277183761346077,1.7023935043097462,-0.07467512817513855
28.05,9.633100000000011,561.0,22.2589453125,45.91666666666666,1.883673232685748,1.7023935043097462,0.1812797283760017
25.4831,29.0,107.0,23.23738372093023,34.025,1.1377963689499409,1.3571791085572174,-0.2193827396072765
28.026660000000003,31.7298,59.4,23.119115964354798,44.25333333333333,1.3492639154593706,1.3571791085572174,-0.007915193097846718
27.433000000000003,41.68299999999999,1002.0,22.36045597484277,27.09166666666667,2.1379070239072786,1.9060938305051223,0.23181319340215634
29.222,47.96600000000001,48.0,26.397472222222227,39.88333333333333,2.0418973047239484,1.9060938305051223,0.1358034742188261
27.25786,51.14660000000001,307.94,24.64803056119549,55.635000000000005,2.6145632134488235,1.9060938305051223,0.7084693829437012
26.2755,55.94749999999999,20.35,27.144917497625837,61.92916666666667,2.206553150833908,1.9060938305051223,0.30045932032878575
28.438,63.146666666666654,1076.8333333333333,22.025017586580088,35.58333333333333,1.2711908662649638,1.1547664279424443,0.11642443832251947
25.383000000000003,68.417,41.0,27.358,50.425,1.0482425088306122,1.1547664279424443,-0.10652391911183212
27.15,73.1585,224.0,26.876566220238097,42.04166666666667,0.9473579193481236,1.1547664279424443,-0.2074085085943207
28.40546666666667,78.29443333333332,898.3333333333334,21.542857802957247,58.15,0.8654985617408659,1.1547664279424443,-0.2892678662015784
27.516666666666666,86.45,1744.6666666666667,16.95585527954643,64.93888888888888,1.1238847345887215,1.1547664279424443,-0.030881693353722817
27.8835,91.35799999999998,1852.0,17.168455084745762,63.23333333333335,1.4866733418813045,1.5205928871162284,-0.03391954523492391
26.545,97.90075,1683.75,15.562937904994175,69.25208333333335,1.3093538072201198,1.5205928871162284,-0.21123907989610857
27.42907142857143,102.82671428571427,1794.2857142857142,14.145187269781802,66.30297619047617,1.1087536646618603,1.201517144839381,-0.09276348017752079
27.21630769230769,107.2983846153846,706.3846153846154,16.81859284875967,76.56923076923077,0.969063935469783,1.201517144839381,-0.23245320936959812
27.394818181818177,112.24,145.8181818181818,18.11695429631495,77.58181818181818,0.8239973665722204,1.201517144839381,-0.37751977826716066
27.35363636363636,117.86336363636364,101.36363636363636,19.360210584459534,77.62651515151514,1.2832745174361218,1.201517144839381,0.08175737259674065
27.775,121.22175,52.0,18.796844037176275,80.13333333333333,1.337904303726273,1.201517144839381,0.1363871588868919
26.972000000000005,127.99433333333332,22.0,22.53485990765301,75.6,1.4762399531941617,1.201517144839381,0.2747228083547806
34.9247,-120.44095,70.44999999999999,13.916077651515153,74.25,1.1625183277775344,1.337527921684083,-0.17500959390654858
33.83052894736842,-117.44682105263162,343.9789473684211,17.709365197282512,61.155043859649126,1.692341126705451,1.337527921684083,0.35481320502136793
33.73121904761905,-112.50280952380952,764.2714285714285,19.11717136010397,40.21904761904762,1.4307963879402212,1.337527921684083,0.09326846625613827
33.02152727272728,-107.87124999999996,1460.0454545454547,14.562071278981302,44.34090909090909,1.4688434657994278,1.337527921684083,0.13131554411534485
33.31004857142856,-102.34368000000003,1003.14,16.070904194287184,54.11428571428571,1.146510960410989,0.8812605117032747,0.2652504487077144
32.51849433962263,-97.35041698113208,264.29245283018867,18.168955691105637,66.14622641509435,0.7739553068407653,0.8812605117032747,-0.10730520486250938
32.622003658536585,-92.0948451219512,70.40853658536587,18.05673392053112,72.55658436213994,0.7180470578369177,0.8812605117032747,-0.163213453866357
32.6738536231884,-87.56513623188405,118.13623188405792,17.491657780860663,71.85120772946858,0.716757562575142,0.8812605117032747,-0.16450294912813268
33.06791927710842,-82.4437855421687,146.7819277108434,17.466320343304314,71.44096385542167,0.870233955598401,0.8812605117032747,-0.011026556104873686
34.36414210526316,-78.72927368421051,28.0,17.090148544467358,72.08194444444446,0.831989361856794,0.4334623676344334,0.39852699422236054
32.79533333333333,-16.672233333333327,59.3,19.25077979024943,71.55,1.5021282114295984,1.0621222898255733,0.4400059216040251
33.1025,-7.198499999999996,327.975,18.35289890762111,69.96041666666666,1.9222129408942377,1.9055444360894853,0.01666850480475235
31.646,-2.2700000000000102,811.1,21.3384393939394,49.2,1.7404856316188877,1.7023935043097462,0.038092127309141466
30.5667,2.8667000000000087,397.0,22.086075268817204,48.525,1.8947475429561416,1.7023935043097462,0.19235403864639533
34.636,7.271500000000003,224.05,21.15788817122594,59.63333333333333,2.3758748076772367,1.9055444360894853,0.4703303715877514
33.275000000000006,11.625,42.5,20.51958333333333,64.66666666666667,1.940644314373128,1.58753507623643,0.35310923813669803
32.08,20.27000000000001,132.0,20.60537037037037,59.90833333333334,1.2145275910292428,1.3571791085572174,-0.14265151752797456
31.25855,28.582850000000008,11.6,20.22538076341648,67.61666666666666,1.2595490317377327,0.9522206603877948,0.30732837134993785
31.748,34.82313333333334,117.03333333333336,20.1869453745721,66.01944444444445,1.997573148833511,0.9522206603877948,1.0453524884457162
32.93562,36.3032,706.9399999999999,17.479175417691028,57.09499999999999,1.664171481284719,2.05175639275235,-0.38758491146763085
32.52825,48.4885,751.725,20.08402478831555,46.91875,2.3083738652311925,2.05175639275235,0.2566174724788426
32.45685,51.25434999999999,1819.6,12.924111426767675,37.804166666666674,2.9784005243544214,2.05175639275235,0.9266441316020715
30.25,56.96699999999999,1754.0,16.111720430107525,32.30833333333333,2.3785080146956186,1.9060938305051223,0.4724141841904963
30.251,66.93799999999999,1600.2,17.129148936170214,34.34166666666667,1.593890742559944,1.1547664279424443,0.4391243146174997
32.06466666666667,73.33266666666665,428.23333333333335,22.5778891250038,57.76805555555556,0.8750982841897725,1.1547664279424443,-0.2796681437526718
31.1,77.16700000000003,2202.0,14.918913043478264,58.19166666666666,0.7168551586585303,1.1547664279424443,-0.437911269283914
30.95,88.63299999999998,4670.0,0.2307456140350877,59.20833333333334,2.136693842682736,2.1024779356171006,0.0342159070656356
32.2375,92.075,4442.0,-0.0571490993868627,56.48333333333333,1.8672702643796864,2.1024779356171006,-0.23520767123741426
33.06116666666667,97.23066666666666,3885.8333333333335,2.115578360691901,46.634722222222216,1.718748756332438,2.1024779356171006,-0.38372917928466266
31.70411111111111,102.73533333333336,2331.0,9.726975010214677,61.45092592592592,1.4360112011160644,1.201517144839381,0.2344940562766833
31.902500000000003,107.55658333333332,491.6666666666667,16.127241522686102,75.51249999999999,1.0057751229648484,1.201517144839381,-0.1957420218745327
32.46807142857143,112.50978571428573,289.0,14.989748430917045,70.97619047619048,1.4229338908481768,1.50888064885192,-0.08594675800374318
32.380818181818185,117.49027272727272,194.3636363636364,14.99609849400935,73.57121212121213,1.6007603002024504,1.50888064885192,0.09187965135053044
31.531625,121.22087500000002,24.25,16.330902951938032,76.79761904761905,1.474464532372932,1.201517144839381,0.27294738753355086
33.654125,128.49149999999997,35.625,15.871752464258249,73.21785714285714,1.5755943259941052,1.50888064885192,0.06671367714218523
33.125750000000004,131.99611111111113,346.75,16.553314691934524,73.92983870967744,1.3761992005705244,1.39167951909797,-0.015480318527445691
34.487,137.32044444444443,52.05555555555556,16.311242152028836,71.6423076923077,1.429945910459533,1.2616160710498936,0.1683298394096393
38.08399107142856,-121.69611964285716,305.50535714285706,14.28762786835952,67.44985119047617,1.2203422009961902,1.337527921684083,-0.11718572068789279
36.97065185185185,-118.62864444444442,690.2777777777778,15.794392228242105,51.97962962962964,1.3722328352640398,1.337527921684083,0.034704913579956864
37.97164615384615,-112.54039487179486,1668.3179487179484,10.296874878422306,48.226923076923086,1.2726775526003582,1.337527921684083,-0.06485036908372477
37.86193928571428,-106.94614999999996,2110.2089285714287,7.444485227446208,47.95729166666666,1.4116174607249588,1.337527921684083,0.07408953904087578
37.60458196721313,-102.33774426229508,1195.816393442623,12.097073421247396,56.561885245901614,0.8909120766879354,0.8812605117032747,0.009651564984660688
37.73227,-97.42165399999996,418.0450000000003,13.581284865641988,65.77041666666666,0.647666064100139,0.8812605117032747,-0.23359444760313564
37.5863,-92.64537160493826,354.4827160493828,13.67689237423104,69.30298353909467,0.642242634213477,0.8812605117032747,-0.23901787748979764
37.63668037383179,-87.43722803738318,185.6018691588785,13.214773927347714,70.08769470404984,0.8292383818915839,0.8812605117032747,-0.05202212981169074
37.43224782608696,-82.33541913043477,396.3860869565218,12.588543393686653,70.73195652173915,0.9588242576810472,0.8812605117032747,0.07756374597777249
37.98465689655172,-77.58148275862065,136.0103448275862,13.400250383085751,69.4163043478261,1.1203013855715822,0.8812605117032747,0.23904087386830752
39.50757142857143,-74.65225714285714,15.014285714285714,12.137495982478752,70.39642857142857,1.5640713217854878,0.4334623676344334,1.1306089541510544
37.8141,-26.063566666666663,396.3333333333333,16.97765105519761,79.65416666666667,2.200536935184213,1.9055444360894853,0.29499249909472747
37.30281333333334,-6.684120000000002,87.12666666666668,17.516460975253782,67.76785714285715,1.6311080177366422,1.9055444360894853,-0.27443641835284316
38.181488888888886,-1.5974055555555553,147.08333333333334,17.502670709778254,64.75735294117646,1.9885578732679323,1.9055444360894853,0.083013437178447
38.836875,3.28745,45.0,16.97544341114968,71.93541666666665,1.5508407340658936,1.58753507623643,-0.036694342170536354
38.01584999999999,8.495166666666671,171.29999999999998,17.248870784110206,69.54166666666666,1.6662582924946456,1.6769045954502984,-0.01064630295565272
37.1640375,12.5899,84.3875,18.73076126411415,70.99166666666666,1.7755332679408715,1.6769045954502984,0.09862867249057317
38.51995,16.733283333333336,318.8333333333333,15.916878286572915,71.82166666666667,1.6509323474788469,1.6769045954502984,-0.02597224797145148
37.552150000000005,22.7969625,51.1125,17.74304321888816,65.175,1.1324753255967863,1.58753507623643,-0.45505975063964366
38.0418875,28.117887499999995,398.325,15.862423562539956,62.6625,1.6528034853709137,2.05175639275235,-0.3989529073814362
38.02509166666667,32.475750000000005,704.775,14.336106439794394,62.31736111111112,1.580132110790312,2.05175639275235,-0.471624281962038
37.8744,37.4759,627.0,15.656444381461856,59.199166666666656,1.802741271127968,2.05175639275235,-0.24901512162438189
38.2536,41.5722,1091.14,13.505946493126755,55.74833333333332,2.0003080451221398,2.05175639275235,-0.05144834763021011
37.3038,47.10679999999999,1138.36,12.643224505917251,58.36833333333334,2.370170575231249,2.05175639275235,0.3184141824788993
36.37794,52.57862,710.8199999999999,16.749376534102407,56.32833333333333,1.902362357137418,2.05175639275235,-0.14939403561493192
37.7379,58.082033333333335,434.6666666666667,16.019180430584658,54.077777777777776,2.346743204059726,2.05175639275235,0.29498681130737614
37.40821666666667,62.17496666666667,284.0,17.03994925623638,49.36111111111112,2.3585897774617184,2.05175639275235,0.3068333847093685
38.80144347826088,68.00723913043478,1085.1304347826087,12.919076812775296,54.13985507246377,1.9186625573770733,2.05175639275235,-0.13309383537527664
38.98285714285714,71.9057142857143,2874.5714285714284,2.333178330794404,52.886904761904766,1.5383465315212983,2.1024779356171006,-0.5641314040958023
38.70825,77.9375,1276.0,12.705763096060371,48.40833333333334,1.7276665892103995,2.05175639275235,-0.3240898035419504
39.033,88.16700000000003,889.0,11.593196721311472,40.425,1.5676781060284606,1.9014176503189275,-0.3337395442904669
37.833333333333336,93.04433333333331,2841.6666666666665,4.165762453058497,45.09722222222222,1.9865417728739283,2.1024779356171006,-0.11593616274317231
38.42925,97.63750000000002,2346.75,5.34070310218878,43.32708333333333,1.5184819173116617,1.9014176503189275,-0.3829357330072658
37.109,102.15185714285712,2274.285714285714,5.705975735370695,52.40952380952381,1.7216920493083856,1.9014176503189275,-0.1797256010105419
37.63209090909091,107.40572727272728,1352.1818181818182,8.505148843544431,57.64621212121212,1.943338820350506,1.9014176503189275,0.04192117003157847
37.449875,113.263,482.5,12.124899906615385,59.76145833333333,2.0565668073881245,1.9014176503189275,0.15514915706919696
37.967,117.37859999999998,191.2,12.15780168513666,61.115,1.911119210758962,1.50888064885192,0.4022385619070421
37.49675,121.24224999999998,56.5,12.166286700651606,64.62083333333332,1.7162098233447476,1.50888064885192,0.20732917449282762
36.820343750000006,127.59224375,63.88125,12.796693744402983,70.22440476190476,1.585370813381905,1.50888064885192,0.07649016452998514
35.744,133.5243333333333,70.55555555555556,14.6350275960863,76.396875,1.3320269773958944,1.2616160710498936,0.07041090634600078
36.262583333333325,138.0683888888889,805.0277777777778,12.881573015477962,73.65092592592593,1.4031773329523085,1.39167951909797,0.011497813854338457
37.65553333333333,140.71904666666666,71.2,12.865279931358554,73.28214285714284,1.461468042809141,1.2616160710498936,0.19985197175924752
42.667000000000016,-122.49849629629628,587.9148148148148,10.724844062266852,68.59323899371068,1.1128409736397298,1.337527921684083,-0.22468694804435319
43.22628,-116.93701199999998,1012.668,9.474718380715696,55.43899999999999,1.0328138120302948,1.337527921684083,-0.3047141096537882
42.2545023255814,-112.149788372093,1612.0488372093023,6.735852618176602,55.718992248062015,1.2694775034666013,1.337527921684083,-0.0680504182174817
42.68194615384614,-107.4600717948718,1641.325641025641,6.482463632228236,54.40213675213676,1.2400961096002363,1.651942192258133,-0.4118460826578967
42.27776714285714,-102.59655285714284,1086.6428571428564,8.78353009671644,60.166785714285744,1.102937227076108,0.8812605117032747,0.2216767153728333
42.40492868852462,-97.17384426229508,458.82459016393454,8.861444965436492,67.77096994535519,1.0532803516292877,0.8812605117032747,0.172019839926013
42.549225170068034,-92.40988367346938,286.4693877551018,8.482462738530876,70.42579365079362,1.0797618718261817,0.8812605117032747,0.19850136012290698
42.46210357142855,-87.67589642857142,235.58214285714288,8.790807169041617,72.07261904761904,1.184656678418347,0.8812605117032747,0.3033961667150723
41.9576101851852,-82.78843333333334,265.1388888888889,9.12812925160805,72.61149691358025,1.1865967698136315,0.8812605117032747,0.3053362581103568
42.34516623376624,-77.37490649350649,273.24285714285713,8.439586638002709,71.79404761904759,1.3215629119687553,0.8812605117032747,0.4403024002654806
42.35694434782608,-72.81418695652172,313.3304347826086,8.872974100067738,68.70245535714285,1.492963562574517,0.8812605117032747,0.6117030508712423
44.41805,-68.59435,58.875,6.978940511022341,74.83194444444445,1.2309221610260932,1.1868662248807609,0.04405593614533232
44.671414285714285,-63.50238571428572,80.71428571428571,6.557756673037064,78.88472222222224,1.4843734214059965,1.439206782885299,0.045166638520697466
42.356613333333335,-7.098333333333331,349.0,13.437849385267624,72.91845238095239,1.734527949478017,1.9055444360894853,-0.1710164866114683
42.22870606060606,-2.431445454545456,498.9363636363637,13.130046757162324,68.27904040404042,1.992152329736654,1.9055444360894853,0.08660789364716859
43.04678571428572,2.659007142857143,258.2285714285714,13.961241100125154,70.35119047619048,1.838918610018403,1.9055444360894853,-0.06662582607108236
43.92941428571428,7.761807142857143,187.36428571428573,14.056103268120866,73.00347222222221,1.7958741066073842,1.9055444360894853,-0.10967032948210109
43.62745862068965,12.096865517241378,293.37586206896555,13.151299373200546,74.46203703703704,1.5572703777479324,1.6769045954502984,-0.11963421770236593
43.0834909090909,17.914663636363642,449.3363636363636,12.249305145537848,71.28875000000001,1.5360799499447628,1.6769045954502984,-0.14082464550553553
43.24628571428571,22.42021785714286,409.88214285714287,10.925689508211168,71.61488095238094,1.479549198645283,1.6769045954502984,-0.19735539680501546
42.33158571428572,27.05282142857143,105.79285714285712,13.19090269524729,73.41923076923078,1.7188376039921536,1.6769045954502984,0.04193300854185522
42.2940875,33.515024999999994,580.0,11.14905454059772,69.36428571428573,1.4184193508515808,2.05175639275235,-0.6333370419007691
42.394,38.02300000000001,95.55555555555556,14.384015413111902,70.20555555555556,1.6544372208912046,2.05175639275235,-0.3973191718611453
42.67562777777778,42.95567222222223,936.9444444444443,9.283281510821933,69.88981481481483,1.6522796144035925,2.3150456407388047,-0.6627660263352122
42.17148888888889,46.698033333333335,773.7777777777778,9.85085846192787,68.23518518518519,2.2211158840752403,2.3150456407388047,-0.0939297566635644
42.3,51.625,28.5,13.724152336860673,63.25,1.850619408448698,2.05175639275235,-0.2011369843036519
42.57075,59.541675,73.75,12.613968295547386,60.26041666666666,2.268108767030176,2.05175639275235,0.21635237427782616
42.21103333333334,63.80556666666666,189.66666666666663,14.286881912067988,51.275,1.9458327902605128,2.05175639275235,-0.10592360249183708
41.24667,68.12854999999999,368.4,13.583611301795704,55.98916666666666,2.107848034444588,2.05175639275235,0.056091641692237904
41.49218,71.94286666666666,1019.9333333333332,10.858524875392794,59.15944444444444,2.131948202979088,2.05175639275235,0.08019181022673827
42.62068888888889,77.14434444444444,1900.111111111111,5.017679394318208,55.230555555555554,2.028922881107209,2.3150456407388047,-0.2861227596315956
43.612675,81.81242499999998,682.5,9.80002234110196,58.75208333333333,2.309111218781769,2.3150456407388047,-0.0059344219570358625
42.6266,88.04999999999998,711.6,10.512914239606136,52.01500000000001,2.074983562412954,2.05175639275235,0.02322716966060412
41.4835,94.1,939.5,10.3940376564428,43.59583333333333,1.9065089020366144,1.9014176503189275,0.005091251717686873
41.0335,97.03300000000002,1648.5,6.436855958781361,45.195833333333326,1.4546600507671277,1.9014176503189275,-0.44675759955179983
42.09433333333333,103.32800000000002,1245.0,7.4653551587301585,51.08611111111112,2.312934469442213,1.9014176503189275,0.4115168191232854
42.478,106.739,1366.0,5.488385976330268,53.14722222222222,2.215917947285719,1.9014176503189275,0.3145002969667914
42.27518181818181,112.6605454545454,1116.8181818181818,5.0833666328350935,57.039393939393946,2.164713393630763,1.9014176503189275,0.2632957433118355
42.32118181818181,117.56645454545456,708.5454545454545,5.938716707560431,60.27424242424243,1.9203885106973504,1.9014176503189275,0.018970860378422882
41.95621428571429,123.10828571428571,134.42857142857142,8.148573152373618,64.26071428571429,1.8637418007403288,1.9014176503189275,-0.03767584957859871
42.97016666666666,127.9335,371.8333333333333,4.945208485741554,65.19166666666666,1.9954561342934387,1.9014176503189275,0.0940384839745112
43.86855555555555,132.15185555555556,154.0,5.091529653695044,70.32037037037038,1.4499738316912842,1.39167951909797,0.05829431259331419
42.525,137.91649999999998,47.0,7.690214442815247,71.58333333333334,1.0011648984378685,1.2616160710498936,-0.2604511726120251
42.90082608695652,141.94060869565214,36.73913043478261,7.989414188916912,75.9435185185185,1.3297793833370763,1.2616160710498936,0.06816331228718275
43.67485,145.72485,41.5,6.193185286935286,80.29166666666666,1.26496979740605,1.2616160710498936,0.0033537263561564945
49.0611,-125.80556666666666,22.666666666666668,9.436440081466769,85.77222222222223,1.131065589094217,0.4334623676344334,0.6976032214597836
47.368926086956506,-122.24021195652168,185.77065217391305,9.960094594446405,72.70842911877392,1.199872905140326,1.337527921684083,-0.1376550165437569
47.603323529411774,-117.64668970588237,581.3220588235291,8.739132471379678,63.99301470588236,1.295025145921214,1.337527921684083,-0.04250277576286887
47.241223076923085,-112.4412938461538,1191.8538461538465,5.856140808554462,60.602564102564095,1.3808203195089532,1.651942192258133,-0.27112187274917976
46.91018500000001,-107.95559499999996,978.36,6.55722991059042,58.83354166666667,1.3907824835509082,1.651942192258133,-0.2611597087072248
47.37806140350876,-102.34321929824564,646.2070175438598,5.234754096150254,66.55628654970761,1.6035357979288325,1.651942192258133,-0.048406394329300495
47.224228358208975,-97.4825104477612,381.6731343283582,4.435765712402268,69.9092039800995,1.838482083715104,1.651942192258133,0.18653989145697092
46.57038723404255,-92.96000638297868,349.4914893617021,4.663054137455893,70.28439716312056,1.7288215378505885,1.651942192258133,0.07687934559245546
46.063004166666666,-87.91024583333332,338.18750000000006,4.601931609598115,73.53958333333334,1.744811143302608,1.651942192258133,0.0928689510444749
46.542123809523815,-83.38287619047617,230.57142857142856,4.461586641069512,75.20476190476192,1.6916715310141168,1.651942192258133,0.039729338755983834
46.39873076923077,-77.35768461538463,208.7692307692308,4.147641111636072,72.97820512820512,1.7562680002857851,1.7933856179010805,-0.03711761761529542
46.03354827586206,-72.58266206896552,137.52068965517242,4.978253504894326,72.58850574712642,1.9298326556383836,1.651942192258133,0.2778904633802506
46.560252380952384,-67.36993333333332,121.25714285714284,4.4598353829619,74.68174603174604,1.4575807657229882,1.651942192258133,-0.19436142653514477
45.87188749999999,-63.20206875,35.5,5.935898524375087,78.61041666666668,1.385648292014244,1.439206782885299,-0.05355849087105491
48.525940000000006,-57.50186,14.24,4.794810345888977,77.78541666666668,1.339409705306161,1.439206782885299,-0.09979707757913792
48.6125,-54.116675,148.5,4.46788932533637,79.96875,1.294368359921971,1.439206782885299,-0.14483842296332794
47.940266666666666,-2.057174999999998,47.958333333333336,11.842881038125189,81.86354166666666,1.6575675750276055,1.0621222898255733,0.5954452852020322
47.706976,2.357576000000001,180.456,11.115800561160754,79.89433333333334,1.825199119457144,1.9055444360894853,-0.08034531663234135
48.16463700787401,8.242967716535436,527.7889763779528,8.745402105793167,76.69146981627297,1.8756558226438929,1.9055444360894853,-0.02988861344559246
47.687159482758624,12.23513362068966,670.1810344827586,7.862300431339865,76.44811594202902,1.9151041254809968,1.6769045954502984,0.2381995300306985
47.68725217391304,17.117273913043476,295.05652173913046,9.469395138721966,76.18297101449274,1.85085286117544,1.6769045954502984,0.17394826572514166
47.41049565217391,22.432682608695647,275.95652173913044,9.54449043826898,77.61666666666667,1.6839339841261118,1.6769045954502984,0.007029388675813486
46.79993125000001,27.30723125,1048.625,8.636601614845588,78.32239583333333,1.978387456470225,2.3150456407388047,-0.33665818426857963
47.37728181818181,33.02213636363636,107.36363636363636,10.014645254145332,75.38712121212122,2.1597871890898954,2.05175639275235,0.10803079633754553
47.20626,37.89529,82.6,10.34592673126531,73.87777777777778,2.1042765003749646,2.05175639275235,0.05252010762261472
47.49000000000001,42.437000000000005,131.54545454545453,9.423612719531365,71.42651515151516,2.239456800126688,2.3150456407388047,-0.07558884061211657
47.03662,46.89,-2.6,10.252495022429914,69.96166666666667,2.3651859064681013,2.05175639275235,0.31342951371575145
48.06335,52.579125,21.0,8.919077039930555,65.1375,2.7846309006571186,2.3150456407388047,0.4695852599183139
45.4,56.19999999999999,82.0,10.361174863387976,62.19166666666666,2.162508659536123,2.05175639275235,0.11075226678377303
47.698275,62.138275,102.5,7.504189918154762,64.30833333333334,2.476190124578475,2.3150456407388047,0.16114448383967028
48.06625,68.2247,425.0,4.876085451287064,65.35416666666667,2.4797900483610595,2.3150456407388047,0.16474440762225484
49.8,73.15,553.0,3.919153645833333,67.77500000000002,1.968150769493454,2.1024779356171006,-0.1343271661236467
46.8,75.0831,350.0,6.286518817204302,64.95833333333334,2.368496211563251,2.3150456407388047,0.05345057082444615
47.318900000000006,83.43063333333333,477.8333333333333,5.5719340741745045,64.77361111111112,2.1673721585848464,2.3150456407388047,-0.14767348215395826
47.6964,87.91999999999999,1021.4,3.7194288454684754,61.06166666666667,2.1097214039571623,2.1024779356171006,0.007243468340061732
48.3708,92.0588,1362.8,-0.341966016588259,64.55333333333333,2.0595191227416367,2.1024779356171006,-0.04295881287546388
47.075,96.55,1970.0,-1.1166369535519125,60.579166666666666,1.983307558094963,2.1024779356171006,-0.11917037752213755
47.93659999999999,101.7633,1532.4,-0.0253967806081092,60.40166666666666,2.2957438863564086,2.1024779356171006,0.19326595073930797
47.10849999999999,107.0125,1229.0,0.7570385258059462,62.90625,1.9769201478889131,2.1024779356171006,-0.1255577877281875
48.26994,112.62054,895.0,0.6990240019499178,62.75500000000001,1.87772696259656,2.1024779356171006,-0.2247509730205406
46.9585,117.99175,890.75,0.0969845618837552,65.09375,2.08514396532488,2.1024779356171006,-0.017333970292220613
47.077666666666666,123.56700000000002,341.0,3.284020872446947,63.90833333333333,1.8497292654305093,2.1024779356171006,-0.2527486701865913
47.667,127.25154545454544,183.0,2.175703344022196,66.56439393939394,2.0645641660430183,2.1024779356171006,-0.03791376957408232
47.2565625,132.51397500000002,99.25,2.5615226847619064,69.303125,1.5959494346427057,1.6795319285785504,-0.08358249393584471
47.29762857142857,136.27810000000002,102.85714285714286,2.250851130797427,70.89642857142857,1.5419204272817897,1.6795319285785504,-0.1376115012967607
47.65263333333333,142.30323333333337,23.0,3.229658566405897,78.72604166666667,1.3599169417615735,1.6795319285785504,-0.31961498681697686
45.25,147.88,25.0,4.940235849056603,82.88333333333331,1.1511048186257686,1.2616160710498936,-0.11051125242412496
52.52500000000001,-127.23999999999998,181.7,7.0489807155925615,79.57499999999999,1.7369549915003606,1.337527921684083,0.3994270698162776
52.48333,-122.10999,684.7,5.129711798122422,69.78833333333333,1.90376997829952,1.651942192258133,0.2518277860413871
51.29485384615385,-117.84743846153847,834.9230769230769,5.047220989997767,66.59294871794872,1.9028491108933376,1.651942192258133,0.25090691863520465
52.41916500000001,-113.16167999999998,833.45,3.082723927987387,67.85791666666665,2.3758144184800822,2.507922820516543,-0.13210840203646068
51.65076818181819,-107.31590454545456,623.8181818181819,2.595946421879812,68.64924242424243,2.262803010425996,2.507922820516543,-0.24511981009054695
51.70196470588236,-102.87255294117648,489.1764705882353,1.521061510496328,70.85588235294118,2.2690965606690896,2.507922820516543,-0.23882625984745331
50.3667,-97.91665,385.0,1.5855404589371984,71.79583333333333,3.14621256303224,2.507922820516543,0.6382897425156973
50.1167,-91.9,383.0,1.0335752688172044,73.43333333333331,2.222114845137676,2.507922820516543,-0.2858079753788667
53.8333,-89.8667,224.0,-1.8417479674796744,75.3,2.4709645788582395,2.507922820516543,-0.036958241658303415
51.275,-80.625,9.5,-0.6042138136686008,74.60000000000002,1.6003247694755358,1.7933856179010805,-0.19306084842554472
51.362525000000005,-66.39585,170.75,-0.511942942359197,73.2375,1.8316407666235324,1.7933856179010805,0.03825514872245184
51.75,-61.1167,30.0,1.2575255074786325,74.73750000000001,1.7377357439143282,1.7933856179010805,-0.05564987398675236
51.975,-57.3083,16.5,1.7774187091503266,81.24583333333334,1.255836075232667,1.339944728396355,-0.0841086531636881
51.9394,-10.221900000000003,9.0,10.473307692307692,85.575,1.197125761012114,1.0621222898255733,0.13500347118654066
53.24801333333334,-7.624773333333332,66.50666666666667,9.6311840509228,85.47307692307693,1.2113184963901085,1.0621222898255733,0.14919620656453514
52.41275172413795,-1.9799034482758624,74.82413793103447,9.883675647541716,83.98620689655175,1.3052370147232866,1.0621222898255733,0.24311472489771324
51.503287500000006,3.043931249999998,37.3,10.190276003371244,82.79500000000002,1.807429479636224,1.58753507623643,0.21989440339979405
51.830342622950845,7.987219672131153,161.71475409836066,8.97915736491897,80.73778735632183,1.7803205756645877,1.9055444360894853,-0.12522386042489764
52.126949438202246,12.094315730337078,216.44157303370787,8.518711529912586,80.21813725490199,1.7657332796465943,1.6769045954502984,0.08882868419629597
52.35756,17.223405000000003,210.075,7.9449091096109585,80.29675925925925,1.6224778730726386,1.6769045954502984,-0.054426722377659775
52.995486666666665,22.21998,139.22,7.595716698101713,80.80833333333334,1.8699014715256468,1.6769045954502984,0.19299687607534843
52.41001111111111,27.18112222222222,190.0,7.330298536865671,78.81759259259262,2.3715140934364776,2.3150456407388047,0.056468452697672866
52.19118181818183,32.617563636363634,174.45454545454547,6.9561597885074,78.52651515151514,2.504224622250799,2.3150456407388047,0.18917898151199442
52.34631666666667,37.59163333333333,192.75,6.350149826172217,78.82430555555554,2.446873373369621,2.3150456407388047,0.13182773263081637
52.36478888888889,42.24482222222222,147.33333333333334,6.17873116244686,76.21944444444445,2.3299184770611894,2.3150456407388047,0.014872836322384675
52.20818888888888,47.09845555555555,121.0,5.893948836894481,73.31296296296297,2.3072206741867163,2.3150456407388047,-0.00782496655208842
52.74444444444444,51.54818888888889,109.0,5.184565947382148,74.39629629629628,2.1054268787983283,2.3150456407388047,-0.20961876194047635
52.46839090909091,57.046918181818185,269.1818181818182,3.630864494572772,73.47424242424243,2.118662838598049,2.1024779356171006,0.016184902980948213
53.24870000000001,61.85536666666667,223.66666666666663,3.351785327945199,73.13611111111112,2.1039906728097293,2.1024779356171006,0.001512737192628677
53.57495,68.46667499999998,207.0,2.6925316697191697,75.96458333333334,2.095809107087159,2.1024779356171006,-0.00666882852994144
52.45655,72.62334999999999,238.5,2.909387090773809,73.99166666666667,2.5069899064532124,2.1024779356171006,0.4045119708361118
52.873333333333335,77.01099999999998,113.66666666666669,2.9427818877029406,74.76666666666667,2.1476090316801515,2.1024779356171006,0.04513109606305088
52.28865,82.20144999999998,220.58333333333331,2.8600684892421824,73.0125,2.1996876417936293,2.1024779356171006,0.09720970617652869
51.953,87.39744444444445,941.7777777777778,0.4044304472365211,68.43240740740742,2.175394247595631,2.1024779356171006,0.07291631197853032
53.001675,92.6875,634.5,0.3296266583126098,71.59791666666666,2.1921503873241788,2.1024779356171006,0.08967245170707816
52.86862,97.40462,957.8,-2.213813395862303,73.09833333333333,2.413019211005458,2.1024779356171006,0.3105412753883572
52.26996666666666,102.69777777777776,802.8888888888889,-1.1112763205804326,71.0962962962963,2.090644220524658,2.1024779356171006,-0.011833715092442798
52.783625,107.28581666666668,548.3333333333334,-1.2551487908392536,71.84305555555555,2.0534093344217026,2.1024779356171006,-0.04906860119539802
52.45210000000001,112.8504,871.375,-2.940300272889292,68.35000000000001,1.7970487975869576,2.1024779356171006,-0.30542913803014304
52.42062,118.01396,626.8,-2.941569949308864,71.57333333333334,1.8899161065782968,2.1024779356171006,-0.21256182903880383
52.65,123.1889,465.3333333333333,-3.6477477614977616,71.58888888888889,1.9254283956157985,2.1024779356171006,-0.17704954000130213
52.57633750000001,127.6088,231.125,-1.4532758075339456,72.146875,1.9581724090248844,2.1024779356171006,-0.14430552659221618
52.0283,132.69373333333334,396.3333333333333,-3.4522901083839703,73.56805555555555,1.837466041279136,1.6795319285785504,0.15793411270058555
52.607425,137.0116,75.75,-1.4974691639941,75.1375,1.8980199134799565,1.6795319285785504,0.21848798490140608
51.993333333333325,142.0477222222222,31.22222222222222,-0.8539783989603825,78.97916666666667,1.8466080112887044,1.6795319285785504,0.16707608271015406
53.01948571428572,157.67475714285712,83.28571428571429,0.5595249524634082,82.7138888888889,1.3297203586211523,1.4527391053212457,-0.12301874670009338
55.2208,-162.7325,23.8,4.213416666666666,84.88333333333333,1.1078082559181877,1.439206782885299,-0.33139852696711136
58.6794,-156.6294,19.2,1.6555416666666667,75.99166666666666,2.368394383523207,1.9586398035894035,0.4097545799338034
59.04746666666667,-152.96176666666668,29.166666666666668,3.883615849014337,76.55277777777779,1.6306599958675667,1.9586398035894035,-0.32797980772183677
58.212025,-136.454625,14.95,5.920395667522081,80.37291666666667,1.8577525450922368,1.439206782885299,0.41854576220693773
57.49396,-133.23142,163.58,4.792338376217069,77.96018518518518,1.6050869005382975,1.439206782885299,0.16588011765299848
57.1833,-122.26332,582.2,0.582414472934473,70.24666666666666,2.6057311587502765,2.507922820516543,0.09780833823373358
56.04443333333333,-118.25831666666669,613.1666666666666,1.2584668293957806,69.97777777777777,3.5446549812298045,2.507922820516543,1.0367321607132616
55.975,-113.0,475.0,1.2550573538654937,71.54583333333335,2.9489199094247507,2.507922820516543,0.44099708890820777
55.8833,-102.75,321.5,-1.7932953265765763,69.73333333333332,2.713314401685343,2.507922820516543,0.2053915811688003
55.8,-97.8667,223.0,-3.0162134502923976,72.58333333333333,1.7606526269482223,2.8306209526705377,-1.0699683257223154
58.7333,-94.0667,29.0,-6.667434281529448,76.08333333333333,2.544446155549335,1.9586398035894035,0.5858063519599315
57.666675,-78.00915,16.0,-5.847010166080552,79.18958333333333,1.9462784282385424,1.7933856179010805,0.15289281033746183
58.1,-68.4167,40.0,-4.999730769230768,76.35,2.2371920372304923,1.7933856179010805,0.4438064193294118
55.45,-60.2167,12.0,-2.073170289855073,79.33333333333333,2.2261139160057404,1.7933856179010805,0.43272829810465985
57.10017499999999,-6.707250000000002,11.15,8.955345802319673,87.45833333333336,0.8758243949017624,1.0621222898255733,-0.18629789492381088
56.6807,-3.149206666666665,82.55333333333334,8.251626087159279,84.59944444444446,1.0534784146013008,1.0621222898255733,-0.008643875224272568
58.11571999999999,7.732691999999997,43.52,7.5739483916168435,81.57731481481483,1.4293461178121172,1.58753507623643,-0.1581889584243128
57.56093333333333,13.048196078431372,94.21176470588236,7.044883909196269,82.74943181818183,1.7329292160524263,1.6769045954502984,0.056024620602127984
58.3665074074074,17.386322222222223,35.111111111111114,6.863633854729715,82.65694444444445,1.8114562783835384,1.58753507623643,0.22392120214710842
57.82543125000001,22.86208125,27.125,6.597776237838486,81.89015151515152,2.0105864164337333,1.58753507623643,0.4230513401973033
57.83445833333334,27.61261666666668,79.83333333333333,5.669129642228392,81.79166666666667,2.18752103617158,2.3150456407388047,-0.12752460456722492
57.94452222222223,31.823744444444444,100.44444444444444,5.074064625387844,83.15462962962964,2.1922218714490485,2.3150456407388047,-0.12282376928975625
57.26816363636363,37.86219090909091,137.0909090909091,4.489081103809421,82.26590909090909,2.1642852804247776,2.3150456407388047,-0.15076036031402706
57.326644444444455,42.80411111111111,141.11111111111111,4.039564765614195,81.25185185185184,2.238212603582963,2.1024779356171006,0.13573466796586242
57.60525833333333,47.681925,138.16666666666666,3.51131677957337,80.175,2.1376143254989177,2.1024779356171006,0.03513638988181711
57.1707625,52.9853,150.375,2.920559145624954,79.959375,2.0906067439456937,2.1024779356171006,-0.011871191671406933
56.72405714285715,57.417728571428576,275.7285714285714,2.220409989579221,79.22261904761906,1.932330698582944,2.1024779356171006,-0.17014723703415657
56.95892857142858,61.71364285714286,192.42857142857144,2.4194764128446926,76.08928571428571,1.7274323724896743,2.1024779356171006,-0.3750455631274263
56.821828571428576,66.75667142857144,79.71428571428571,1.7541188833460009,79.04761904761904,2.0662893870298267,2.1024779356171006,-0.03618854858727394
55.95835,73.88310000000001,97.0,1.4665575921474363,78.48750000000001,2.40479777682188,2.1024779356171006,0.3023198412047794
56.73062,78.06334000000001,103.4,0.8033313240899875,80.20000000000002,2.372647583533673,2.1024779356171006,0.2701696479165725
56.89328571428572,82.73611428571428,128.28571428571428,0.4832278892016576,79.34166666666667,2.1758403386303917,2.1024779356171006,0.07336240301329111
56.604,86.82600000000001,167.0,0.6263567209450829,76.72166666666666,2.276328738464277,2.1024779356171006,0.17385080284717658
56.465775,91.55,236.25,0.7748415926205485,74.2875,2.3233429404989465,2.1024779356171006,0.2208650048818459
57.045775000000006,97.57,253.5,-0.4605570916538657,76.08125000000001,2.356987476342755,2.1024779356171006,0.25450954072565457
56.69,103.36,382.5,-1.8870906137992836,79.07083333333335,2.364378856578861,2.1024779356171006,0.26190092096176043
56.72444999999999,107.47611666666666,378.5,-3.327556583153485,77.68333333333334,1.9413076611149311,2.1024779356171006,-0.16117027450216947
57.3934,113.85664,463.6,-4.707949964522273,76.81333333333335,1.9910681535852537,2.1024779356171006,-0.11140978203184693
56.7225,117.331675,599.75,-6.3447475731257255,76.47083333333333,2.0317481037080904,2.1024779356171006,-0.07072983190901017
56.50268333333333,123.03561666666668,562.1666666666666,-5.950529627806387,76.30277777777778,2.153792944622412,2.1024779356171006,0.051315009005311385
58.13335,125.50155,941.0,-7.652518028846154,77.32083333333334,2.0629836532197805,2.1024779356171006,-0.03949428239732011
57.505,130.875,521.5,-8.018303020282188,76.76250000000002,2.3041532713506454,2.1024779356171006,0.2016753357335448
57.95666666666667,137.32323333333332,237.33333333333331,-6.115025452729476,74.64722222222223,1.8207945170604425,2.2981175378683805,-0.477323020807938
59.3667,143.21640000000002,5.0,-3.710325520833333,78.40833333333333,1.6768427303159872,1.6795319285785504,-0.002689198262563197
59.77,148.63,19.0,-5.726554487179487,77.84166666666665,2.2061588566932864,2.2981175378683805,-0.09195868117509409
59.4,151.920775,47.5,-3.183048480070045,76.97916666666666,1.4689037450954394,1.4527391053212457,0.01616463977419369
56.765775,157.538275,124.0,-1.3362769059644055,86.48541666666668,1.684656445584074,1.4527391053212457,0.2319173402628283
56.26685,161.65005,29.0,0.0156445312499999,84.225,1.6590271668045782,1.4527391053212457,0.20628806148333245
55.2,165.98000000000002,16.0,2.7890677966101687,86.10000000000002,1.2844136105024522,1.4527391053212457,-0.16832549481879355
64.4167,-173.2333,25.0,-3.8136296296296286,88.55833333333334,0.7886755744917057,1.9586398035894035,-1.169964229097698
64.5111,-165.44,4.0,-2.584348958333333,74.925,1.3992829975260237,1.9586398035894035,-0.5593568060633798
60.785,-161.8292,31.1,-0.9848046874999998,79.025,2.4968862155895115,1.9586398035894035,0.538246412000108
62.9575,-155.6103,101.5,-2.7600925925925925,70.18333333333334,2.581225751625574,2.507922820516543,0.07330293110903119
61.3562,-150.45400000000004,57.0,1.9948411030469693,73.45833333333333,2.1211417816918714,1.9586398035894035,0.16250197810246791
62.8394,-147.81840000000005,171.32142857142858,-0.0145428564261912,69.43571428571428,2.3962333856230664,2.507922820516543,-0.11168943489347649
63.8735,-141.5664,390.6,-4.199690860215054,71.44583333333334,2.4505794916790125,2.8306209526705377,-0.38004146099152525
62.32223333333334,-137.02776666666668,533.6666666666666,-2.7526479505420056,69.81805555555555,2.641448689628121,2.507922820516543,0.13352586911157793
60.1167,-128.8167,687.0,-2.8473437500000003,70.29166666666666,2.607810203995767,2.8306209526705377,-0.22281074867477058
61.7667,-121.2333,169.0,-2.997790804597701,70.24166666666667,2.9398160278453105,2.8306209526705377,0.10919507517477278
60.8333,-115.7833,165.0,-2.7737096774193555,71.6,2.529145390914441,2.8306209526705377,-0.3014755617560967
60.62085,-112.55,200.25,-3.031522332131959,71.06666666666666,3.7537744016503343,2.8306209526705377,0.9231534489797966
64.3,-96.0833,19.0,-11.261044973544974,73.87499999999999,2.7968736636985083,1.9586398035894035,0.8382338601091048
64.2,-83.3667,62.0,-10.449920634920636,76.90833333333333,2.203740405142016,1.9586398035894035,0.2451006015526127
63.76666666666667,-68.56666666666666,18.666666666666668,-9.152304843195031,74.65,1.579861535475373,1.7933856179010805,-0.21352408242570764
64.1667,-51.75,80.0,-1.957786458333333,81.36666666666666,0.6201232299157657,1.339944728396355,-0.7198214984805893
63.83326666666667,-21.594366666666662,73.43333333333334,5.030663398413783,80.975,0.7307213462784968,1.0621222898255733,-0.3314009435470765
64.48955000000001,-15.227249999999998,15.15,4.169874541003672,79.55,0.6593439562405083,1.7933856179010805,-1.1340416616605722
62.017,-6.766999999999996,61.0,6.5929166666666665,89.11666666666666,0.9394762970681232,1.0621222898255733,-0.12264599275745014
60.1331,-1.183099999999996,82.0,7.378538461538461,88.21666666666665,0.9509633614729872,1.0621222898255733,-0.11115892835258612
61.4181476190476,7.01749523809524,199.9047619047619,5.751653860379807,78.45877192982455,1.3018079725371234,1.9055444360894853,-0.6037364635523619
62.13502499999999,12.207866666666666,331.3333333333333,3.054290956885497,80.81739130434785,1.4290699068391783,1.339944728396355,0.0891251784428233
61.93403684210527,17.254005263157893,104.0,4.244009798774532,83.25392156862745,1.8071211283246496,1.6769045954502984,0.1302165328743512
61.88081153846154,22.975042307692306,56.42307692307692,4.178263882800038,81.06268115942031,2.110852447870405,2.1024779356171006,0.008374512253304545
62.41841538461537,26.998907692307696,94.65384615384616,3.409420859824119,80.13784722222225,2.2183443599397488,2.1024779356171006,0.11586642432264815
63.009887500000005,32.358925,89.125,2.469948225860384,83.375,2.000994358787789,2.1024779356171006,-0.10148357682931142
62.1389,37.832233333333335,64.0,2.759129188712522,84.27499999999999,1.998234640565265,2.1024779356171006,-0.10424329505183572
62.19175,41.008275,122.5,2.140059231013007,84.91458333333334,1.7648096858921662,2.1024779356171006,-0.33766824972493437
62.595775,46.566675,69.75,1.2533298926759726,84.9375,1.984938770840171,2.1024779356171006,-0.11753916477692972
61.974175,51.51842500000001,120.75,0.8596909158549784,83.04375,2.005639193056321,2.1024779356171006,-0.09683874256077951
62.54,56.04,166.33333333333334,-0.1168488020525779,83.8722222222222,1.875461966419528,2.1024779356171006,-0.2270159691975726
62.46436666666667,60.73313333333332,57.333333333333336,-1.496601459863755,82.29444444444444,2.0221462091742253,2.1024779356171006,-0.08033172644287534
62.46556666666667,66.7389,47.66666666666666,-1.7331527328972258,84.60555555555555,1.9729273855455167,2.1024779356171006,-0.1295505500715839
60.875,73.75999999999999,51.0,-1.4820464304884595,84.55416666666667,2.429249516292714,2.1024779356171006,0.3267715806756133
62.911033333333336,78.00223333333332,46.333333333333336,-3.6503512125220463,86.40833333333332,2.562352230047704,2.1024779356171006,0.45987429443060357
61.81,82.13666666666666,61.333333333333336,-3.104437521742739,84.47777777777777,2.4312372855785074,2.1024779356171006,0.32875934996140677
63.15,87.94999999999999,46.0,-3.666164021164021,83.13333333333334,2.5519217819553432,2.1024779356171006,0.44944384633824264
62.06,92.27556666666663,226.66666666666663,-4.342751201050221,80.84166666666665,2.1430950530309336,2.1024779356171006,0.040617117413833004
61.6667,96.36669999999998,256.0,-5.546150793650793,79.58333333333333,2.1623239209495635,2.1024779356171006,0.05984598533246288
62.46995,102.29245,253.25,-7.329788595710982,81.51041666666667,2.2431769240014257,2.1024779356171006,0.14069898838432504
62.073350000000005,108.22335,265.0,-7.129926553672316,81.65833333333333,2.1672882899949903,2.1024779356171006,0.06481035437788973
61.61,114.39,296.0,-5.9819737339380215,80.36666666666667,1.8031325070268096,2.1024779356171006,-0.299345428590291
63.221,117.63433333333332,129.0,-8.273513375301205,79.28888888888888,2.4113099693627347,2.1024779356171006,0.30883203374563406
62.09155,121.0167,166.5,-7.044886592741936,77.8625,2.336779410784481,2.1024779356171006,0.23430147516738042
61.95835,128.4166,102.25,-8.877080338318324,79.1875,2.375535222636945,2.1024779356171006,0.27305728701984444
61.55722000000001,131.86654,176.4,-9.816542366029031,79.09666666666666,2.394374500069432,2.1024779356171006,0.2918965644523315
63.585,137.735,842.5,-12.81965863032844,79.53333333333336,2.042806936016268,1.8409747159890166,0.20183222002725154
61.985,142.96499999999995,568.0,-10.92230650233313,80.54583333333335,2.4369122863727144,2.2981175378683805,0.13879474850433393
62.78,148.16999999999996,646.0,-11.882838541666665,78.86666666666667,2.076985505826204,1.8409747159890166,0.23601078983718748
63.37223333333333,152.90223333333333,189.0,-10.231989448397494,81.24722222222222,2.2582171206201243,2.2981175378683805,-0.039900417248256215
60.68,160.39999999999998,45.0,-2.234674796747968,87.30833333333334,1.1772919834848588,1.4527391053212457,-0.275447121836387
61.087700000000005,167.29556666666664,5.0,-3.4852107069370963,86.86388888888888,1.565160427156166,1.4527391053212457,0.11242132183492037
64.6831,170.4167,25.0,-7.970793650793651,88.30000000000003,2.162106427899862,2.2981175378683805,-0.13601110996851862
64.7831,177.56669999999997,64.0,-6.604435897435898,90.66666666666669,2.231050182562495,2.2981175378683805,-0.06706735530588537
67.69323333333334,-178.08896666666666,8.666666666666666,-8.689515759637189,92.79166666666669,2.56040195142687,3.2627112969507355,-0.7023093455238656
66.8667,-162.6333,9.1,-5.176875000000001,76.97500000000002,2.4842853028571947,1.9586398035894035,0.5256454992677912
65.75240000000001,-151.90526666666668,108.43333333333332,-4.401096100499326,69.96944444444445,2.7026001999383618,2.8306209526705377,-0.12802075273217595
68.3,-133.4833,68.0,-8.1310546875,67.45,4.210482483033888,3.2627112969507355,0.9477711860831528
65.2833,-126.8,73.0,-5.71681642351901,69.22500000000001,2.764577940762326,1.9586398035894035,0.8059381371729224
67.82499999999999,-115.13335,16.0,-10.524349050137094,70.56666666666666,3.400731778847346,3.2627112969507355,0.13802048189661065
69.1,-105.1333,25.0,-13.910980132728492,71.20833333333333,3.083996758307171,3.2627112969507355,-0.17871453864356468
68.7833,-81.25,9.0,-13.3991796875,74.925,2.9374498993556744,3.2627112969507355,-0.3252613975950611
67.85835,-51.825,45.65,-4.2899164979757085,71.90833333333335,1.8510830426208784,1.7933856179010805,0.057697424719797885
65.5997,-37.63310000000001,50.0,-1.124121212121212,80.05,1.2664557756223924,1.339944728396355,-0.07348895277396261
65.0733,-22.727499999999992,15.0,4.243294871794872,80.19166666666669,0.8549496003779559,1.0621222898255733,-0.20717268944761746
65.68,-18.079399999999996,27.0,3.4750000000000005,80.90833333333333,1.2765089221241217,1.339944728396355,-0.06343580627223333
66.89353333333332,13.5913,23.0,5.474387936231207,77.1875,1.0175019435900203,1.58753507623643,-0.5700331326464096
67.17105999999998,17.672279999999997,254.86666666666667,0.9485671130013408,80.63444444444444,1.539314371166454,1.339944728396355,0.19936964277009905
67.57715263157895,22.70867894736842,181.1578947368421,-0.0672180173429735,83.25694444444444,1.7603560781211287,1.7577371673587812,0.0026189107623475483
67.52970714285713,27.039885714285717,173.14285714285714,-0.4338310623497949,79.32023809523811,2.1358418329480475,2.1024779356171006,0.03336389733094691
67.57381428571429,33.02511428571428,41.285714285714285,1.0703299463268212,84.9375,1.5540279384505116,1.7577371673587812,-0.2037092289082696
67.584,36.7606,89.2,0.3071643250889964,86.50555555555555,1.869358559462711,1.7577371673587812,0.11162139210392974
67.22500000000001,43.075,23.5,-0.3884419515073788,87.96666666666665,1.9490712244983608,2.3443445194811514,-0.3952732949827906
68.61500000000001,48.925,13.5,-2.367657732447818,88.7,1.6943966029551083,2.3443445194811514,-0.6499479165260431
66.53309999999999,52.6499,41.5,-1.9605689964157704,87.44166666666666,2.0490535977290563,2.1024779356171006,-0.05342433788804435
66.67995,57.225625,54.75,-3.2449014430714413,87.63333333333333,2.181676467791964,2.1024779356171006,0.07919853217486317
67.67825,62.63892500000001,99.0,-4.966502721812487,90.01875000000001,2.503047484309511,2.3443445194811514,0.15870296482835977
67.71646666666666,66.3396,311.3333333333333,-6.886038117474002,89.7125,2.231336635576417,2.3443445194811514,-0.11300788390473437
66.58970000000001,72.83980000000001,10.333333333333334,-6.475831238977072,91.59444444444443,2.487187562748621,2.3443445194811514,0.14284304326746966
67.47,78.73000000000002,26.0,-7.936798941798941,91.15833333333336,3.0164184642693868,2.3443445194811514,0.6720739447882353
65.98,84.26999999999998,41.0,-7.228282312925169,87.75,2.5513435236934217,2.3443445194811514,0.20699900421227024
67.55103333333334,86.89103333333333,24.0,-7.413414416689894,88.42777777777779,2.0250177885136225,2.3443445194811514,-0.31932673096752895
66.8797,93.47000000000004,277.0,-10.176815476190477,85.075,1.5130335604717595,2.1024779356171006,-0.5894443751453411
68.47,102.37,272.0,-12.37380208333333,87.15833333333335,0.8979579962796727,1.7577371673587812,-0.8597791710791085
67.375,113.35654999999996,225.0,-11.687755464480873,84.08333333333331,2.2198918451887484,2.1024779356171006,0.11741390957164777
68.62,118.32999999999998,78.0,-12.611481481481484,83.52499999999998,1.78182534339113,1.7577371673587812,0.024088176032348807
67.74835,123.7,63.0,-11.414740315027672,82.70833333333334,1.9137679352184536,1.7577371673587812,0.1560307678596724
67.5667,133.39999999999998,136.0,-14.463041666666667,82.14166666666667,2.409220002115977,1.8409747159890166,0.5682452861269605
66.45,143.22969999999998,195.0,-12.73462962962963,85.61666666666666,2.5341479128433093,1.8409747159890166,0.6931731968542927
66.59,152.31,30.5,-10.979517915551591,83.4875,2.6312030327158173,2.2981175378683805,0.3330854948474369
66.55,159.41999999999996,127.0,-11.941932624113472,84.10833333333333,2.0397489754529343,1.8409747159890166,0.1987742594639177
67.93,162.07074999999998,102.5,-11.05955018636221,89.06458333333335,3.0104494220251405,2.2981175378683805,0.7123318841567601
68.59,168.47500000000002,182.5,-12.338136223769167,89.58333333333334,2.991891129491372,1.8409747159890166,1.1509164135023555
68.03985,171.83000000000004,41.0,-9.729023148148148,89.98333333333332,1.8691363418892,2.2981175378683805,-0.4289811959791805
69.8797,175.76999999999998,2.0,-11.77099358974359,92.31666666666666,3.206273823505817,2.2981175378683805,0.9081562856374363
71.2833,-156.7814,9.4,-11.149230769230767,80.95,3.9114907609654006,3.2627112969507355,0.6487794640146651
70.1333,-143.6333,11.9,-11.416125,68.13333333333333,4.299628371327429,3.2627112969507355,1.0369170743766931
74.7167,-94.975,49.0,-15.693907849049706,71.93333333333331,2.841317544600192,3.2627112969507355,-0.4213937523505433
70.93155,-7.998350000000002,10.0,-0.4843370522161505,84.09166666666667,1.9923048178739051,1.339944728396355,0.6523600894775501
72.38114999999999,19.258650000000003,18.5,1.654251152073733,79.29166666666667,1.7529790475827187,1.7933856179010805,-0.04040657031836181
70.52186666666667,28.106233333333336,13.333333333333334,0.1760833333333334,81.42500000000001,1.6575357677701923,1.7577371673587812,-0.10020139958858887
72.3794,52.72999999999999,18.0,-4.443932748538012,89.99166666666666,2.3794799823622195,2.3443445194811514,0.03513546288106806
73.33,70.02940000000001,6.0,-9.748061224489796,95.54166666666669,3.039914288691,2.604643339558826,0.4352709491321738
72.333,79.5,10.0,-11.979635416666666,95.34166666666668,0.7911390631199885,2.3443445194811514,-1.5532054563611628
70.97,94.5,37.0,-11.047982456140351,89.77499999999998,2.072552534035101,2.3443445194811514,-0.27179198544605043
71.9831,102.4667,31.0,-12.102747395833337,89.85833333333332,2.610572367988294,2.3443445194811514,0.26622784850714254
72.25556666666667,113.661,44.66666666666666,-13.611459137323692,86.59166666666668,1.952332243118861,1.7577371673587812,0.19459507576007984
71.26433333333334,128.7455666666667,13.0,-12.940088579116358,85.83333333333331,1.5753123840996084,1.7577371673587812,-0.18242478325917277
72.0515,138.06850000000003,24.5,-13.49120634920635,87.88333333333334,2.463068576308124,1.8409747159890166,0.6220938603191075
73.18,143.22969999999998,21.0,-14.89776315789474,94.075,0.9322627830796136,1.8409747159890166,-0.908711932909403
70.6167,147.8831,44.0,-13.14904761904762,89.85833333333332,2.7409996946823734,1.8409747159890166,0.9000249786933567
70.08,170.97000000000003,4.0,-12.726023809523811,91.2,1.4909755192509553,1.8409747159890166,-0.34999919673806135
79.9833,-85.9333,10.0,-18.88098360655737,70.51666666666667,3.0259792540288464,3.2627112969507355,-0.2367320429218891
76.5167,-68.8333,77.1,-10.837048022598871,66.71666666666665,2.2971718677093995,2.604643339558826,-0.3074714718494267
76.77,-18.670000000000016,12.0,-11.507875,73.62500000000001,1.7651975384331744,2.604643339558826,-0.8394458011256518
78.36323333333333,13.28873333333334,21.33333333333333,-4.423388357891942,79.21666666666667,2.930836380225477,2.604643339558826,0.3261930406666509
78.25,15.466700000000005,28.0,-4.333916666666666,74.70833333333334,4.441448934366647,2.604643339558826,1.8368055948078204
76.85,68.55000000000001,10.0,-10.07735714285714,96.49166666666667,2.0542836284024366,2.604643339558826,-0.5503597111563896
75.42,88.89999999999998,10.0,-13.172083333333331,95.01666666666668,2.954238308780477,2.604643339558826,0.3495949692216507
77.72,104.3,12.0,-14.085927672955975,95.59166666666664,2.9121909852024075,2.604643339558826,0.3075476456435813
76.8,110.8,6.0,-16.02127450980392,92.26666666666668,0.2925586461219965,2.604643339558826,-2.3120846934368298
81.6,-16.649699999999996,36.0,-15.531988636363636,75.85833333333333,2.8503566038710804,2.604643339558826,0.24571326431225415
